,DATE,TIME,BOROUGH,ZIP CODE,LATITUDE,LONGITUDE,LOCATION,ON STREET NAME,CROSS STREET NAME,NUMBER OF PERSONS INJURED,NUMBER OF PERSONS KILLED,NUMBER OF PEDESTRIANS INJURED,NUMBER OF PEDESTRIANS KILLED,NUMBER OF CYCLIST INJURED,NUMBER OF CYCLIST KILLED,NUMBER OF MOTORIST INJURED,NUMBER OF MOTORIST KILLED,CONTRIBUTING FACTOR VEHICLE 1,CONTRIBUTING FACTOR VEHICLE 2,CONTRIBUTING FACTOR VEHICLE 3,CONTRIBUTING FACTOR VEHICLE 4,CONTRIBUTING FACTOR VEHICLE 5,UNIQUE KEY,VEHICLE TYPE CODE 1,VEHICLE TYPE CODE 2,VEHICLE TYPE CODE 3,VEHICLE TYPE CODE 4,VEHICLE TYPE CODE 5
308365,10/31/2017,15:08,MANHATTAN,10014,40.729046,-74.01073,"(40.729046, -74.01073)",WEST STREET                     ,WEST HOUSTON STREET,12,8,7,6,1,2,4,0,Other Vehicular,Unspecified,Unspecified,Unspecified,Unspecified,3782508,FB,BU,BICYCLE,BICYCLE,BICYCLE
962197,12/04/2014,13:45,MANHATTAN,10030,40.8232596,-73.9429233,"(40.8232596, -73.9429233)",WEST 145 STREET                 ,BRADHURST AVENUE                ,12,0,0,0,0,0,12,0,Unspecified,Unspecified,Unspecified,Unspecified,Unspecified,3130459,BUS,LARGE COM VEH(6 OR MORE TIRES),SPORT UTILITY / STATION WAGON,PASSENGER VEHICLE,PASSENGER VEHICLE
284070,12/07/2017,13:20,MANHATTAN,10005,40.709152,-74.01055,"(40.709152, -74.01055)",BROADWAY                        ,LIBERTY STREET,7,0,3,0,1,0,3,0,Failure to Yield Right-of-Way,Unspecified,Unspecified,Unspecified,Unspecified,3805805,PASSENGER VEHICLE,SPORT UTILITY / STATION WAGON,SPORT UTILITY / STATION WAGON,SPORT UTILITY / STATION WAGON,BICYCLE
958863,12/10/2014,21:54,MANHATTAN,10001,40.7497883,-73.9877686,"(40.7497883, -73.9877686)",WEST 34 STREET                  ,6 AVENUE                        ,7,0,5,0,0,0,2,0,Other Vehicular,Other Vehicular,Other Vehicular,Other Vehicular,Other Vehicular,3134589,OTHER,OTHER,OTHER,OTHER,OTHER
277981,12/16/2017,20:10,MANHATTAN,10025,40.795532,-73.975845,"(40.795532, -73.975845)",WEST 95 STREET                  ,RIVERSIDE DRIVE,5,0,0,0,0,0,5,0,Unsafe Lane Changing,Unspecified,Unspecified,Unspecified,Unspecified,3811132,SPORT UTILITY / STATION WAGON,SPORT UTILITY / STATION WAGON,PASSENGER VEHICLE,PASSENGER VEHICLE,SPORT UTILITY / STATION WAGON
341118,09/11/2017,10:24,MANHATTAN,10016,40.74967,-73.98158,"(40.74967, -73.98158)",EAST 37 STREET                  ,MADISON AVENUE,5,0,0,0,0,0,5,0,Aggressive Driving/Road Rage,Unspecified,Unspecified,Unspecified,Unspecified,3750259,TAXI,PASSENGER VEHICLE,TAXI,TAXI,PASSENGER VEHICLE
359557,08/13/2017,5:25,MANHATTAN,10002,40.717724,-73.98579,"(40.717724, -73.98579)",WILLIAMSBURG BRIDGE             ,CLINTON STREET,5,0,0,0,0,0,5,0,Alcohol Involvement,Unspecified,Unspecified,Unspecified,Unspecified,3730782,PASSENGER VEHICLE,TAXI,SPORT UTILITY / STATION WAGON,TAXI,SPORT UTILITY / STATION WAGON
990360,10/17/2014,8:30,MANHATTAN,10029,40.7999853,-73.9448468,"(40.7999853, -73.9448468)",EAST 116 STREET                 ,MADISON AVENUE                  ,5,0,0,0,0,0,5,0,Unspecified,Unspecified,Unspecified,Unspecified,Unspecified,2809304,SPORT UTILITY / STATION WAGON,PASSENGER VEHICLE,PASSENGER VEHICLE,PASSENGER VEHICLE,PASSENGER VEHICLE
990361,10/17/2014,8:30,MANHATTAN,10029,40.7999853,-73.9448468,"(40.7999853, -73.9448468)",EAST 116 STREET                 ,MADISON AVENUE                  ,5,0,0,0,0,0,5,0,Unspecified,Unspecified,Unspecified,Unspecified,Unspecified,2810657,SPORT UTILITY / STATION WAGON,PASSENGER VEHICLE,OTHER,PASSENGER VEHICLE,PASSENGER VEHICLE
76093,11/01/2018,3:46,MANHATTAN,10022,40.758007,-73.96625,"(40.758007, -73.96625)",2 AVENUE                        ,EAST 55 STREET,4,0,0,0,0,0,4,0,Driver Inattention/Distraction,Unspecified,Unspecified,Unspecified,Unspecified,4012031,Station Wagon/Sport Utility Vehicle,Box Truck,Station Wagon/Sport Utility Vehicle,Station Wagon/Sport Utility Vehicle,Garbage or Refuse
138220,07/28/2018,4:30,MANHATTAN,10034,40.86769,-73.92122,"(40.86769, -73.92122)",BROADWAY                        ,WEST 207 STREET,4,0,0,0,0,0,4,0,Aggressive Driving/Road Rage,Unspecified,Unspecified,Unspecified,Unspecified,3950544,Sedan,Station Wagon/Sport Utility Vehicle,Sedan,Taxi,Taxi
429059,05/01/2017,22:18,MANHATTAN,10033,40.85238,-73.9315,"(40.85238, -73.9315)",SAINT NICHOLAS AVENUE           ,WEST 186 STREET,4,0,0,0,0,0,4,0,Passing or Lane Usage Improper,Unspecified,Unspecified,Unspecified,Unspecified,3664891,PASSENGER VEHICLE,PASSENGER VEHICLE,PASSENGER VEHICLE,PASSENGER VEHICLE,TAXI
500167,12/31/2016,4:55,MANHATTAN,10033,40.848118,-73.93089,"(40.848118, -73.93089)",WEST 181 STREET                 ,AMSTERDAM AVENUE,4,0,0,0,0,0,4,0,Alcohol Involvement,Unspecified,Unspecified,Unspecified,Unspecified,3591560,PASSENGER VEHICLE,PASSENGER VEHICLE,PASSENGER VEHICLE,PASSENGER VEHICLE,PASSENGER VEHICLE
784710,10/03/2015,4:48,MANHATTAN,10001,40.7466186,-73.9938142,"(40.7466186, -73.9938142)",7 AVENUE                        ,WEST 27 STREET                  ,4,0,0,0,0,0,4,0,Fatigued/Drowsy,Unspecified,Unspecified,Unspecified,Unspecified,3307909,LIVERY VEHICLE,TAXI,TAXI,PASSENGER VEHICLE,SPORT UTILITY / STATION WAGON
38824,12/29/2018,7:23,MANHATTAN,10013,40.722324,-74.01178,"(40.722324, -74.01178)",WEST STREET                     ,LAIGHT STREET,3,1,0,0,0,0,3,1,Unsafe Speed,Alcohol Involvement,Unspecified,Unspecified,Unspecified,4056090,Sedan,Sedan,Station Wagon/Sport Utility Vehicle,Pick-up Truck,Sedan
56234,12/01/2018,0:16,MANHATTAN,10013,40.725025,-74.005905,"(40.725025, -74.005905)",VARICK STREET                   ,DOMINICK STREET,3,0,0,0,0,0,3,0,Fell Asleep,Unspecified,Unspecified,Unspecified,Unspecified,4045147,Taxi,Station Wagon/Sport Utility Vehicle,Taxi,Taxi,Station Wagon/Sport Utility Vehicle
161673,06/21/2018,0:05,MANHATTAN,10034,40.866062,-73.92251,"(40.866062, -73.92251)",WEST 204 STREET                 ,VERMILYEA AVENUE,3,0,0,0,0,0,3,0,Unsafe Speed,Unspecified,Unspecified,Unspecified,Unspecified,3925278,Station Wagon/Sport Utility Vehicle,Station Wagon/Sport Utility Vehicle,Station Wagon/Sport Utility Vehicle,Sedan,Station Wagon/Sport Utility Vehicle
459683,03/12/2017,8:30,MANHATTAN,10034,40.86369,-73.91707,"(40.86369, -73.91707)",WEST 207 STREET                 ,9 AVENUE,3,0,0,0,0,0,3,0,Steering Failure,Unspecified,Unspecified,Unspecified,Unspecified,3631166,PASSENGER VEHICLE,PASSENGER VEHICLE,PASSENGER VEHICLE,SPORT UTILITY / STATION WAGON,SPORT UTILITY / STATION WAGON
540135,10/29/2016,4:15,MANHATTAN,10027,40.80824,-73.95259,"(40.80824, -73.95259)",8 AVENUE                        ,WEST 122 STREET,3,0,0,0,0,0,3,0,Driver Inattention/Distraction,Driver Inattention/Distraction,Unspecified,Unspecified,Unspecified,3550898,PASSENGER VEHICLE,PASSENGER VEHICLE,PASSENGER VEHICLE,VAN,PASSENGER VEHICLE
704347,02/13/2016,5:15,MANHATTAN,10029,40.7899496,-73.9429266,"(40.7899496, -73.9429266)",2 AVENUE                        ,EAST 105 STREET                 ,3,0,0,0,0,0,3,0,Alcohol Involvement,Unspecified,Unspecified,Unspecified,Unspecified,3388296,PASSENGER VEHICLE,PASSENGER VEHICLE,PASSENGER VEHICLE,PASSENGER VEHICLE,SPORT UTILITY / STATION WAGON
813147,08/18/2015,9:40,MANHATTAN,10027,40.8083959,-73.9529531,"(40.8083959, -73.9529531)",ST NICHOLAS AVENUE              ,WEST 122 STREET                 ,3,0,0,0,0,0,3,0,Drugs (Illegal),Other Vehicular,Unspecified,Unspecified,Unspecified,3279626,SPORT UTILITY / STATION WAGON,PASSENGER VEHICLE,VAN,PASSENGER VEHICLE,SPORT UTILITY / STATION WAGON
824771,07/30/2015,15:20,MANHATTAN,10032,40.8377145,-73.9399945,"(40.8377145, -73.9399945)",WEST 164 STREET                 ,SAINT NICHOLAS AVENUE           ,3,0,0,0,0,0,3,0,Unspecified,Unspecified,Unspecified,Unspecified,Unspecified,3270135,LIVERY VEHICLE,PASSENGER VEHICLE,SPORT UTILITY / STATION WAGON,PASSENGER VEHICLE,PASSENGER VEHICLE
121259,08/24/2018,20:48,MANHATTAN,10040,40.85186,-73.92816,"(40.85186, -73.92816)",AMSTERDAM AVENUE                ,WEST 187 STREET,2,0,0,0,0,0,2,0,Unsafe Speed,Unsafe Speed,Unspecified,Unspecified,Unspecified,3972856,Station Wagon/Sport Utility Vehicle,Sedan,Station Wagon/Sport Utility Vehicle,Station Wagon/Sport Utility Vehicle,Sedan
140763,07/24/2018,20:26,MANHATTAN,10029,40.7878,-73.94953,"(40.7878, -73.94953)",EAST 99 STREET                  ,LEXINGTON AVENUE,2,0,0,0,0,0,2,0,Brakes Defective,Unspecified,Unspecified,Unspecified,Unspecified,3949040,Sedan,Sedan,Station Wagon/Sport Utility Vehicle,Station Wagon/Sport Utility Vehicle,Sedan
205400,04/18/2018,23:00,MANHATTAN,10034,40.864807,-73.91937,"(40.864807, -73.91937)",WEST 207 STREET                 ,POST AVENUE,2,0,0,0,0,0,2,0,Driver Inexperience,Unspecified,Unspecified,Unspecified,Unspecified,3883823,SPORT UTILITY / STATION WAGON,CONV,SPORT UTILITY / STATION WAGON,SPORT UTILITY / STATION WAGON,SPORT UTILITY / STATION WAGON
205623,04/17/2018,11:10,MANHATTAN,10030,40.817173,-73.94606,"(40.817173, -73.94606)",8 AVENUE                        ,WEST 136 STREET,2,0,0,0,0,0,2,0,Brakes Defective,Unspecified,Unspecified,Unspecified,Unspecified,3883144,PASSENGER VEHICLE,TAXI,TAXI,PASSENGER VEHICLE,PASSENGER VEHICLE
312462,10/25/2017,14:30,MANHATTAN,10032,40.839172,-73.943474,"(40.839172, -73.943474)",FORT WASHINGTON AVENUE          ,WEST 164 STREET,2,0,0,0,0,0,2,0,Driver Inattention/Distraction,Unspecified,Unspecified,Unspecified,Unspecified,3777675,CONV,SPORT UTILITY / STATION WAGON,SPORT UTILITY / STATION WAGON,SPORT UTILITY / STATION WAGON,SPORT UTILITY / STATION WAGON
524716,11/21/2016,14:40,MANHATTAN,10010,40.741028,-73.99417,"(40.741028, -73.99417)",WEST 20 STREET                  ,AVENUE OF THE AMERICAS,2,0,0,0,0,0,2,0,Unspecified,Unspecified,Unspecified,Unspecified,Unspecified,3568191,PASSENGER VEHICLE,PASSENGER VEHICLE,PASSENGER VEHICLE,PICK-UP TRUCK,PASSENGER VEHICLE
536400,11/03/2016,11:46,MANHATTAN,10032,40.833843,-73.9385,"(40.833843, -73.9385)",WEST 160 STREET                 ,EDGECOMBE AVENUE,2,0,0,0,0,0,2,0,Unspecified,Unspecified,Unspecified,Unspecified,Unspecified,3553827,PASSENGER VEHICLE,SPORT UTILITY / STATION WAGON,PASSENGER VEHICLE,PASSENGER VEHICLE,PASSENGER VEHICLE
580579,08/27/2016,23:15,MANHATTAN,10018,40.758976,-73.99394,"(40.758976, -73.99394)",WEST 42 STREET                  ,DYER AVENUE,2,0,0,0,0,0,2,0,Brakes Defective,Unspecified,Unspecified,Unspecified,Unspecified,3508237,PASSENGER VEHICLE,PASSENGER VEHICLE,PASSENGER VEHICLE,PASSENGER VEHICLE,PASSENGER VEHICLE
619893,06/27/2016,21:30,MANHATTAN,10036,40.759624,-73.99548,"(40.759624, -73.99548)",WEST 42 STREET                  ,10 AVENUE,2,0,0,0,0,0,2,0,Aggressive Driving/Road Rage,Unspecified,Unspecified,Unspecified,Unspecified,3471135,PASSENGER VEHICLE,PASSENGER VEHICLE,PASSENGER VEHICLE,PASSENGER VEHICLE,PASSENGER VEHICLE
696795,02/27/2016,18:40,MANHATTAN,10027,40.8077723,-73.9454833,"(40.8077723, -73.9454833)",WEST 125 STREET                 ,LENOX AVENUE                    ,2,0,0,0,0,0,2,0,Fatigued/Drowsy,Fatigued/Drowsy,Unspecified,Unspecified,Unspecified,3396473,PICK-UP TRUCK,PASSENGER VEHICLE,PASSENGER VEHICLE,PASSENGER VEHICLE,SPORT UTILITY / STATION WAGON
786927,09/29/2015,10:20,MANHATTAN,10016,40.7406437,-73.9757968,"(40.7406437, -73.9757968)",1 AVENUE                        ,EAST 29 STREET                  ,2,0,0,0,0,0,2,0,Driver Inattention/Distraction,Fatigued/Drowsy,Other Vehicular,Other Vehicular,Other Vehicular,3305275,SPORT UTILITY / STATION WAGON,SPORT UTILITY / STATION WAGON,VAN,TAXI,TAXI
838856,07/07/2015,15:54,MANHATTAN,10013,40.7216382,-74.0118907,"(40.7216382, -74.0118907)",WEST STREET                     ,HUBERT STREET                   ,2,0,0,0,0,0,2,0,Fatigued/Drowsy,Unspecified,Unspecified,Unspecified,Unspecified,3253274,BUS,SPORT UTILITY / STATION WAGON,TAXI,TAXI,SPORT UTILITY / STATION WAGON
865101,05/26/2015,18:00,MANHATTAN,10034,40.8722495,-73.9194582,"(40.8722495, -73.9194582)",WEST 215 STREET                 ,INDIAN ROAD                     ,2,0,0,0,0,0,2,0,Brakes Defective,Brakes Defective,Brakes Defective,Brakes Defective,Brakes Defective,3228229,SPORT UTILITY / STATION WAGON,SPORT UTILITY / STATION WAGON,SPORT UTILITY / STATION WAGON,PASSENGER VEHICLE,SPORT UTILITY / STATION WAGON
887634,04/19/2015,19:38,MANHATTAN,10013,40.7206092,-74.0084706,"(40.7206092, -74.0084706)",HUDSON STREET                   ,BEACH STREET                    ,2,0,0,0,0,0,2,0,Traffic Control Disregarded,Fatigued/Drowsy,Unspecified,Unspecified,Unspecified,3204972,PASSENGER VEHICLE,PASSENGER VEHICLE,PASSENGER VEHICLE,SPORT UTILITY / STATION WAGON,SPORT UTILITY / STATION WAGON
1016859,09/02/2014,23:57,MANHATTAN,10007,40.7152345,-74.0133505,"(40.7152345, -74.0133505)",WEST STREET                     ,MURRAY STREET                   ,2,0,0,0,0,0,2,0,Unspecified,Unspecified,Unspecified,Unspecified,Unspecified,1017713,TAXI,PASSENGER VEHICLE,PASSENGER VEHICLE,SPORT UTILITY / STATION WAGON,PASSENGER VEHICLE
27142,01/20/2019,2:10,MANHATTAN,10031,40.822643,-73.953224,"(40.822643, -73.953224)",WEST 139 STREET                 ,BROADWAY,1,0,0,0,0,0,1,0,Illnes,Unspecified,Unspecified,Unspecified,Unspecified,4057834,FIRET,Station Wagon/Sport Utility Vehicle,Station Wagon/Sport Utility Vehicle,Station Wagon/Sport Utility Vehicle,Sedan
75715,11/01/2018,13:45,MANHATTAN,10035,40.80307,-73.93838,"(40.80307, -73.93838)",LEXINGTON AVENUE                ,EAST 123 STREET,1,0,0,0,0,0,1,0,Unsafe Lane Changing,Unspecified,Unspecified,Unspecified,Unspecified,4012211,Station Wagon/Sport Utility Vehicle,Station Wagon/Sport Utility Vehicle,Station Wagon/Sport Utility Vehicle,Sedan,Taxi
137272,07/29/2018,12:20,MANHATTAN,10032,40.844635,-73.938736,"(40.844635, -73.938736)",WADSWORTH AVENUE                ,WEST 173 STREET,1,0,0,0,0,0,1,0,Aggressive Driving/Road Rage,Unspecified,Unspecified,Unspecified,Unspecified,3951504,Sedan,Sedan,Sedan,Sedan,Sedan
252437,01/28/2018,15:16,MANHATTAN,10011,40.74284,-74.00028,"(40.74284, -74.00028)",8 AVENUE                        ,WEST 19 STREET,1,0,0,0,0,0,1,0,Passing Too Closely,Passing Too Closely,Unspecified,Unspecified,Unspecified,3837506,TAXI,TAXI,SPORT UTILITY / STATION WAGON,PASSENGER VEHICLE,PASSENGER VEHICLE
291574,11/26/2017,8:10,MANHATTAN,10024,40.789253,-73.98086,"(40.789253, -73.98086)",RIVERSIDE DRIVE                 ,WEST 85 STREET,1,0,0,0,0,0,1,0,Unspecified,Unspecified,Unspecified,Unspecified,Unspecified,3797172,SPORT UTILITY / STATION WAGON,SPORT UTILITY / STATION WAGON,SPORT UTILITY / STATION WAGON,PASSENGER VEHICLE,SPORT UTILITY / STATION WAGON
375458,07/19/2017,4:10,MANHATTAN,10016,0,0,"(0.0, 0.0)",2 AVENUE                        ,EAST 35 STREET,1,0,0,0,0,0,1,0,Passing or Lane Usage Improper,Passing or Lane Usage Improper,Unspecified,Unspecified,Unspecified,3714554,PASSENGER VEHICLE,PASSENGER VEHICLE,PASSENGER VEHICLE,PASSENGER VEHICLE,PASSENGER VEHICLE
634402,06/06/2016,19:42,MANHATTAN,10034,40.867256,-73.92935,"(40.867256, -73.92935)",HENSHAW STREET                  ,DYCKMAN STREET,1,0,0,0,0,0,1,0,Driver Inattention/Distraction,Unspecified,Unspecified,Unspecified,Unspecified,3457628,PASSENGER VEHICLE,PASSENGER VEHICLE,PASSENGER VEHICLE,PASSENGER VEHICLE,PASSENGER VEHICLE
708493,02/05/2016,17:13,MANHATTAN,10032,40.8334381,-73.9453358,"(40.8334381, -73.9453358)",WEST 156 STREET                 ,BROADWAY                        ,1,0,0,0,0,0,1,0,Driver Inattention/Distraction,Unspecified,Unspecified,Unspecified,Unspecified,3383983,OTHER,PASSENGER VEHICLE,OTHER,PASSENGER VEHICLE,PASSENGER VEHICLE
708785,02/05/2016,8:45,MANHATTAN,10013,40.7176614,-74.0075359,"(40.7176614, -74.0075359)",WORTH STREET                    ,WEST BROADWAY                   ,1,0,0,0,0,0,1,0,Unspecified,Unspecified,Unspecified,Unspecified,Unspecified,3386560,PASSENGER VEHICLE,VAN,PASSENGER VEHICLE,PASSENGER VEHICLE,SPORT UTILITY / STATION WAGON
711951,01/31/2016,8:29,MANHATTAN,10029,40.7960734,-73.9434848,"(40.7960734, -73.9434848)",LEXINGTON AVENUE                ,EAST 112 STREET                 ,1,0,0,0,0,0,1,0,Failure to Keep Right,Unspecified,Unspecified,Unspecified,Unspecified,3381220,SPORT UTILITY / STATION WAGON,PASSENGER VEHICLE,SPORT UTILITY / STATION WAGON,PASSENGER VEHICLE,PASSENGER VEHICLE
716978,01/22/2016,12:30,MANHATTAN,10019,40.7611476,-73.9795146,"(40.7611476, -73.9795146)",WEST 52 STREET                  ,6 AVENUE                        ,1,0,0,0,0,0,1,0,Other Vehicular,Other Vehicular,Other Vehicular,Unspecified,Unspecified,3375149,TAXI,TAXI,TAXI,TAXI,TAXI
718603,01/20/2016,19:00,MANHATTAN,10032,40.8410516,-73.944679,"(40.8410516, -73.944679)",WEST 165 STREET                 ,RIVERSIDE DRIVE                 ,1,0,0,0,0,0,1,0,Driver Inattention/Distraction,Unspecified,Unspecified,Unspecified,Unspecified,3374641,SPORT UTILITY / STATION WAGON,SPORT UTILITY / STATION WAGON,SPORT UTILITY / STATION WAGON,SPORT UTILITY / STATION WAGON,SPORT UTILITY / STATION WAGON
719623,01/18/2016,12:47,MANHATTAN,10021,40.7694395,-73.9518578,"(40.7694395, -73.9518578)",YORK AVENUE                     ,EAST 76 STREET                  ,1,0,0,0,0,0,1,0,Backing Unsafely,Other Vehicular,Other Vehicular,Other Vehicular,Other Vehicular,3372762,PASSENGER VEHICLE,SPORT UTILITY / STATION WAGON,PASSENGER VEHICLE,SPORT UTILITY / STATION WAGON,SPORT UTILITY / STATION WAGON
720899,01/16/2016,3:10,MANHATTAN,10024,40.7857344,-73.9764412,"(40.7857344, -73.9764412)",AMSTERDAM AVENUE                ,WEST 83 STREET                  ,1,0,0,0,0,0,1,0,Alcohol Involvement,Unspecified,Unspecified,Unspecified,Unspecified,3372224,PASSENGER VEHICLE,PASSENGER VEHICLE,PASSENGER VEHICLE,PASSENGER VEHICLE,SPORT UTILITY / STATION WAGON
733823,12/23/2015,18:00,MANHATTAN,10027,40.8103186,-73.9436244,"(40.8103186, -73.9436244)",WEST 129 STREET                 ,LENOX AVENUE                    ,1,0,0,0,0,0,1,0,Fell Asleep,Unspecified,Unspecified,Unspecified,Unspecified,3359333,SPORT UTILITY / STATION WAGON,SPORT UTILITY / STATION WAGON,PASSENGER VEHICLE,PASSENGER VEHICLE,PASSENGER VEHICLE
766667,10/31/2015,22:05,MANHATTAN,10029,40.79745,-73.9467017,"(40.79745, -73.9467017)",EAST 112 STREET                 ,MADISON AVENUE                  ,1,0,0,0,0,0,1,0,Unspecified,Unspecified,Unspecified,Unspecified,Unspecified,3326582,SPORT UTILITY / STATION WAGON,SPORT UTILITY / STATION WAGON,PASSENGER VEHICLE,PASSENGER VEHICLE,PASSENGER VEHICLE
826204,07/28/2015,17:40,MANHATTAN,10128,40.7859841,-73.9571686,"(40.7859841, -73.9571686)",5 AVENUE                        ,EAST 93 STREET                  ,1,0,0,0,0,0,1,0,Unspecified,Unspecified,Unspecified,Unspecified,Unspecified,3267535,SPORT UTILITY / STATION WAGON,SPORT UTILITY / STATION WAGON,SPORT UTILITY / STATION WAGON,SPORT UTILITY / STATION WAGON,SPORT UTILITY / STATION WAGON
826584,07/27/2015,12:00,MANHATTAN,10128,40.7801253,-73.9530344,"(40.7801253, -73.9530344)",3 AVENUE                        ,EAST 88 STREET                  ,1,0,0,0,0,0,1,0,Other Vehicular,Other Vehicular,Other Vehicular,Other Vehicular,Other Vehicular,3265485,PASSENGER VEHICLE,PASSENGER VEHICLE,VAN,PASSENGER VEHICLE,VAN
844479,06/27/2015,13:53,MANHATTAN,10024,40.7885075,-73.9810626,"(40.7885075, -73.9810626)",WEST 84 STREET                  ,RIVERSIDE DRIVE                 ,1,0,0,0,0,0,1,0,Driver Inattention/Distraction,Unspecified,Unspecified,Unspecified,Unspecified,3249499,SPORT UTILITY / STATION WAGON,SPORT UTILITY / STATION WAGON,SPORT UTILITY / STATION WAGON,SPORT UTILITY / STATION WAGON,PASSENGER VEHICLE
872406,05/14/2015,2:30,MANHATTAN,10034,40.8670152,-73.9231089,"(40.8670152, -73.9231089)",BROADWAY                        ,WEST 204 STREET                 ,1,0,1,0,0,0,0,0,Unspecified,Unspecified,Unspecified,Unspecified,Unspecified,3220419,PASSENGER VEHICLE,UNKNOWN,PASSENGER VEHICLE,PASSENGER VEHICLE,PASSENGER VEHICLE
882627,04/27/2015,11:15,MANHATTAN,10036,40.7621841,-73.9936106,"(40.7621841, -73.9936106)",WEST 46 STREET                  ,10 AVENUE                       ,1,0,0,0,0,0,1,0,Driver Inexperience,Unspecified,Unspecified,Unspecified,Unspecified,3209815,UNKNOWN,PASSENGER VEHICLE,PASSENGER VEHICLE,PASSENGER VEHICLE,PASSENGER VEHICLE
891710,04/12/2015,2:10,MANHATTAN,10001,40.7454217,-73.9909669,"(40.7454217, -73.9909669)",WEST 27 STREET                  ,6 AVENUE                        ,1,0,0,0,0,0,1,0,Pedestrian/Bicyclist/Other Pedestrian Error/Confusion,Unspecified,Unspecified,Unspecified,Unspecified,3201080,SPORT UTILITY / STATION WAGON,PASSENGER VEHICLE,SPORT UTILITY / STATION WAGON,PASSENGER VEHICLE,PASSENGER VEHICLE
894653,04/06/2015,6:14,MANHATTAN,10065,40.7672346,-73.9645308,"(40.7672346, -73.9645308)",LEXINGTON AVENUE                ,EAST 67 STREET                  ,1,0,0,0,0,0,1,0,Unspecified,Unspecified,Unspecified,Unspecified,Unspecified,3198235,TAXI,TAXI,PASSENGER VEHICLE,PASSENGER VEHICLE,PASSENGER VEHICLE
902631,03/22/2015,18:05,MANHATTAN,10029,40.7903142,-73.9476861,"(40.7903142, -73.9476861)",EAST 103 STREET                 ,LEXINGTON AVENUE                ,1,0,0,0,0,0,1,0,Unspecified,Unspecified,Unspecified,Unspecified,Unspecified,3190637,PASSENGER VEHICLE,PASSENGER VEHICLE,PASSENGER VEHICLE,PASSENGER VEHICLE,PASSENGER VEHICLE
909904,03/09/2015,4:40,MANHATTAN,10021,40.7681193,-73.9588624,"(40.7681193, -73.9588624)",EAST 71 STREET                  ,2 AVENUE                        ,1,0,0,0,0,0,1,0,Unspecified,Unspecified,Unspecified,Unspecified,Unspecified,3182954,LARGE COM VEH(6 OR MORE TIRES),PASSENGER VEHICLE,PASSENGER VEHICLE,PASSENGER VEHICLE,PASSENGER VEHICLE
920467,02/20/2015,23:00,MANHATTAN,10010,40.7378861,-73.9809038,"(40.7378861, -73.9809038)",2 AVENUE                        ,EAST 23 STREET                  ,1,0,0,0,0,0,1,0,Driver Inattention/Distraction,Unspecified,Unspecified,Unspecified,Unspecified,3172865,SPORT UTILITY / STATION WAGON,PASSENGER VEHICLE,PASSENGER VEHICLE,PASSENGER VEHICLE,SPORT UTILITY / STATION WAGON
967561,11/24/2014,13:05,MANHATTAN,10004,40.7074505,-74.0119459,"(40.7074505, -74.0119459)",RECTOR STREET                   ,BROADWAY                        ,1,0,0,0,0,0,1,0,Unspecified,Unspecified,Unspecified,Unspecified,Unspecified,3125420,PASSENGER VEHICLE,SPORT UTILITY / STATION WAGON,OTHER,PASSENGER VEHICLE,SPORT UTILITY / STATION WAGON
996582,10/06/2014,8:00,MANHATTAN,10009,40.7235061,-73.9792808,"(40.7235061, -73.9792808)",EAST 6 STREET                   ,AVENUE C                        ,1,0,0,0,0,0,1,0,Unspecified,Unspecified,Unspecified,Unspecified,Unspecified,1034327,SPORT UTILITY / STATION WAGON,TAXI,SPORT UTILITY / STATION WAGON,PASSENGER VEHICLE,SPORT UTILITY / STATION WAGON
6715,02/25/2019,15:29,MANHATTAN,10031,40.8188,-73.95603,"(40.8188, -73.95603)",WEST 133 STREET                 ,BROADWAY,0,0,0,0,0,0,0,0,Unspecified,Unspecified,Unspecified,Unspecified,Unspecified,4086629,Sedan,Station Wagon/Sport Utility Vehicle,Sedan,Station Wagon/Sport Utility Vehicle,Station Wagon/Sport Utility Vehicle
24901,01/24/2019,17:00,MANHATTAN,10034,40.86795,-73.92701,"(40.86795, -73.92701)",PAYSON AVENUE                   ,BEAK STREET,0,0,0,0,0,0,0,0,Driver Inattention/Distraction,Unspecified,Unspecified,Unspecified,Unspecified,4074224,Station Wagon/Sport Utility Vehicle,Sedan,Sedan,Sedan,Sedan
30530,01/14/2019,21:45,MANHATTAN,10033,40.850506,-73.93287,"(40.850506, -73.93287)",SAINT NICHOLAS AVENUE           ,WEST 183 STREET,0,0,0,0,0,0,0,0,Driver Inattention/Distraction,Unspecified,Unspecified,Unspecified,Unspecified,4067396,Sedan,Pick-up Truck,Sedan,Sedan,Sedan
47152,12/15/2018,13:30,MANHATTAN,10040,40.86361,-73.928215,"(40.86361, -73.928215)",DONGAN PLACE                    ,ARDEN STREET,0,0,0,0,0,0,0,0,Backing Unsafely,Unspecified,Unspecified,Unspecified,Unspecified,4046737,Flat Bed,Sedan,Sedan,Sedan,Sedan
50294,12/11/2018,4:50,MANHATTAN,10065,40.765614,-73.9607,"(40.765614, -73.9607)",EAST 67 STREET                  ,2 AVENUE,0,0,0,0,0,0,0,0,Driver Inattention/Distraction,Unspecified,Unspecified,Unspecified,Unspecified,4042952,Sedan,Taxi,Pick-up Truck,Station Wagon/Sport Utility Vehicle,Station Wagon/Sport Utility Vehicle
55268,12/03/2018,17:03,MANHATTAN,10039,40.829155,-73.93728,"(40.829155, -73.93728)",8 AVENUE                        ,WEST 155 STREET,0,0,0,0,0,0,0,0,Alcohol Involvement,Unspecified,Unspecified,Unspecified,Unspecified,4046728,Station Wagon/Sport Utility Vehicle,Sedan,Station Wagon/Sport Utility Vehicle,Sedan,Station Wagon/Sport Utility Vehicle
65388,11/16/2018,14:30,MANHATTAN,10034,40.866447,-73.9305,"(40.866447, -73.9305)",RIVERSIDE DRIVE                 ,HENSHAW STREET,0,0,0,0,0,0,0,0,Failure to Yield Right-of-Way,Unspecified,Unspecified,Unspecified,Unspecified,4046662,Sedan,Station Wagon/Sport Utility Vehicle,Sedan,Sedan,Station Wagon/Sport Utility Vehicle
78754,10/28/2018,4:00,MANHATTAN,10032,40.833843,-73.94851,"(40.833843, -73.94851)",RIVERSIDE DRIVE                 ,WEST 155 STREET,0,0,0,0,0,0,0,0,Unspecified,Unspecified,Unspecified,Unspecified,Unspecified,4010737,Sedan,Sedan,Station Wagon/Sport Utility Vehicle,Sedan,Station Wagon/Sport Utility Vehicle
96236,10/02/2018,1:56,MANHATTAN,10027,40.815685,-73.9583,"(40.815685, -73.9583)",WEST 125 STREET                 ,BROADWAY,0,0,0,0,0,0,0,0,Unsafe Speed,Unspecified,Unspecified,Unspecified,Unspecified,3992062,Convertible,Taxi,Station Wagon/Sport Utility Vehicle,Sedan,Station Wagon/Sport Utility Vehicle
100830,09/25/2018,5:05,MANHATTAN,10033,40.8545,-73.93463,"(40.8545, -73.93463)",BENNETT AVENUE                  ,WEST 187 STREET,0,0,0,0,0,0,0,0,Unspecified,Unspecified,Unspecified,Unspecified,Unspecified,3987975,Station Wagon/Sport Utility Vehicle,Station Wagon/Sport Utility Vehicle,Station Wagon/Sport Utility Vehicle,Station Wagon/Sport Utility Vehicle,Station Wagon/Sport Utility Vehicle
132456,08/06/2018,21:54,MANHATTAN,10034,40.866024,-73.92588,"(40.866024, -73.92588)",BROADWAY                        ,CUMMING STREET,0,0,0,0,0,0,0,0,Unspecified,Unspecified,Unspecified,Unspecified,Unspecified,3957273,Taxi,Sedan,Station Wagon/Sport Utility Vehicle,Station Wagon/Sport Utility Vehicle,Sedan
148164,07/12/2018,10:13,MANHATTAN,10021,40.768486,-73.955505,"(40.768486, -73.955505)",EAST 73 STREET                  ,1 AVENUE,0,0,0,0,0,0,0,0,Brakes Defective,Driver Inattention/Distraction,Unspecified,Unspecified,Unspecified,3954041,Sedan,Sedan,Station Wagon/Sport Utility Vehicle,Sedan,Sedan
158264,06/27/2018,3:50,MANHATTAN,10012,40.72693,-73.996666,"(40.72693, -73.996666)",BLEECKER STREET                 ,MERCER STREET,0,0,0,0,0,0,0,0,Other Vehicular,Other Vehicular,Other Vehicular,Other Vehicular,Alcohol Involvement,3930038,Sedan,Sedan,Sedan,Motorcycle,Sedan
176252,06/01/2018,6:14,MANHATTAN,10065,40.766556,-73.96294,"(40.766556, -73.96294)",3 AVENUE                        ,EAST 67 STREET,0,0,0,0,0,0,0,0,Driver Inattention/Distraction,Unspecified,Unspecified,Unspecified,Unspecified,3913805,Taxi,Sedan,Sedan,Sedan,Taxi
179247,05/27/2018,17:40,MANHATTAN,10028,40.772705,-73.949486,"(40.772705, -73.949486)",EAST 81 STREET                  ,YORK AVENUE,0,0,0,0,0,0,0,0,Aggressive Driving/Road Rage,Unspecified,Unspecified,Unspecified,Unspecified,3909883,Station Wagon/Sport Utility Vehicle,Sedan,Taxi,Station Wagon/Sport Utility Vehicle,Station Wagon/Sport Utility Vehicle
232918,03/03/2018,1:20,MANHATTAN,10040,40.853714,-73.92681,"(40.853714, -73.92681)",AMSTERDAM AVENUE                ,WEST 190 STREET,0,0,0,0,0,0,0,0,Traffic Control Disregarded,Unspecified,Unspecified,Unspecified,Unspecified,3856659,SPORT UTILITY / STATION WAGON,SPORT UTILITY / STATION WAGON,PASSENGER VEHICLE,PASSENGER VEHICLE,SPORT UTILITY / STATION WAGON
236702,02/25/2018,18:45,MANHATTAN,10037,40.810173,-73.937416,"(40.810173, -73.937416)",EAST 132 STREET                 ,MADISON AVENUE,0,0,0,0,0,0,0,0,Driver Inattention/Distraction,Driver Inattention/Distraction,Unspecified,Unspecified,Unspecified,3852302,SPORT UTILITY / STATION WAGON,SPORT UTILITY / STATION WAGON,SPORT UTILITY / STATION WAGON,PASSENGER VEHICLE,PASSENGER VEHICLE
254340,01/25/2018,21:00,MANHATTAN,10014,40.726173,-74.01099,"(40.726173, -74.01099)",WEST STREET                     ,SPRING STREET,0,0,0,0,0,0,0,0,Driver Inattention/Distraction,Unsafe Lane Changing,Unspecified,Unspecified,Unspecified,3835489,PASSENGER VEHICLE,SPORT UTILITY / STATION WAGON,SPORT UTILITY / STATION WAGON,SPORT UTILITY / STATION WAGON,SPORT UTILITY / STATION WAGON
291552,11/26/2017,5:30,MANHATTAN,10027,40.810062,-73.95497,"(40.810062, -73.95497)",WEST 123 STREET                 ,MORNINGSIDE AVENUE,0,0,0,0,0,0,0,0,Fell Asleep,Unspecified,Unspecified,Unspecified,Unspecified,3798110,PASSENGER VEHICLE,PASSENGER VEHICLE,PASSENGER VEHICLE,PASSENGER VEHICLE,PASSENGER VEHICLE
297983,11/16/2017,6:05,MANHATTAN,10019,40.77281,-73.99329,"(40.77281, -73.99329)",WEST SIDE HIGHWAY               ,WEST 59 STREET,0,0,0,0,0,0,0,0,Unsafe Lane Changing,Unspecified,Unspecified,Unspecified,Unspecified,3791352,SPORT UTILITY / STATION WAGON,PASSENGER VEHICLE,PASSENGER VEHICLE,SPORT UTILITY / STATION WAGON,PICK-UP TRUCK
314396,10/22/2017,12:50,MANHATTAN,10018,40.758976,-73.99394,"(40.758976, -73.99394)",DYER AVENUE                     ,WEST 42 STREET,0,0,0,0,0,0,0,0,Drugs (illegal),Unspecified,Unspecified,Unspecified,Unspecified,3775182,TK,PASSENGER VEHICLE,TAXI,PASSENGER VEHICLE,PASSENGER VEHICLE
372432,07/23/2017,18:30,MANHATTAN,10035,40.806973,-73.937645,"(40.806973, -73.937645)",PARK AVENUE                     ,EAST 128 STREET,0,0,0,0,0,0,0,0,Traffic Control Disregarded,Unspecified,Unspecified,Unspecified,Unspecified,3720932,SPORT UTILITY / STATION WAGON,TAXI,TAXI,PASSENGER VEHICLE,PASSENGER VEHICLE
378702,07/14/2017,3:40,MANHATTAN,10002,40.720764,-73.99063,"(40.720764, -73.99063)",ELDRIDGE STREET                 ,RIVINGTON STREET,0,0,0,0,0,0,0,0,Unsafe Speed,Unspecified,Unspecified,Unspecified,Unspecified,3713319,PASSENGER VEHICLE,PASSENGER VEHICLE,SPORT UTILITY / STATION WAGON,PASSENGER VEHICLE,SPORT UTILITY / STATION WAGON
456850,03/16/2017,15:35,MANHATTAN,10007,40.714478,-74.01354,"(40.714478, -74.01354)",WEST STREET                     ,BARCLAY STREET,0,0,0,0,0,0,0,0,Passing Too Closely,Unspecified,Unspecified,Unspecified,Unspecified,3634664,PASSENGER VEHICLE,PASSENGER VEHICLE,TAXI,PASSENGER VEHICLE,PASSENGER VEHICLE
467864,02/26/2017,21:40,MANHATTAN,10027,40.81458,-73.94795,"(40.81458, -73.94795)",WEST 132 STREET                 ,8 AVENUE,0,0,0,0,0,0,0,0,Alcohol Involvement,Unspecified,Unspecified,Unspecified,Unspecified,3623513,SPORT UTILITY / STATION WAGON,SPORT UTILITY / STATION WAGON,PASSENGER VEHICLE,SPORT UTILITY / STATION WAGON,SPORT UTILITY / STATION WAGON
473625,02/15/2017,12:22,MANHATTAN,10025,40.7997,-73.97193,"(40.7997, -73.97193)",RIVERSIDE DRIVE                 ,WEST 102 STREET,0,0,0,0,0,0,0,0,Unspecified,Unspecified,Unspecified,Unspecified,Unspecified,3617205,PASSENGER VEHICLE,PASSENGER VEHICLE,PASSENGER VEHICLE,PASSENGER VEHICLE,PASSENGER VEHICLE
474808,02/13/2017,0:00,MANHATTAN,10033,40.84999,-73.93866,"(40.84999, -73.93866)",WEST 180 STREET                 ,FORT WASHINGTON AVENUE,0,0,0,0,0,0,0,0,Unspecified,Unspecified,Unspecified,Unspecified,Unspecified,3615731,PASSENGER VEHICLE,SPORT UTILITY / STATION WAGON,PASSENGER VEHICLE,SPORT UTILITY / STATION WAGON,SPORT UTILITY / STATION WAGON
484138,01/28/2017,23:50,MANHATTAN,10075,40.774323,-73.96149,"(40.774323, -73.96149)",EAST 77 STREET                  ,PARK AVENUE,0,0,0,0,0,0,0,0,Brakes Defective,Unspecified,Unspecified,Unspecified,Unspecified,3606696,PASSENGER VEHICLE,PASSENGER VEHICLE,PASSENGER VEHICLE,SPORT UTILITY / STATION WAGON,PASSENGER VEHICLE
491337,01/15/2017,23:35,MANHATTAN,10034,40.864403,-73.923775,"(40.864403, -73.923775)",ACADEMY STREET                  ,SHERMAN AVENUE,0,0,0,0,0,0,0,0,Driver Inattention/Distraction,Unspecified,Unspecified,Unspecified,Unspecified,3598998,PASSENGER VEHICLE,PASSENGER VEHICLE,PASSENGER VEHICLE,PASSENGER VEHICLE,PASSENGER VEHICLE
565527,09/19/2016,13:25,MANHATTAN,10029,40.79726,-73.94053,"(40.79726, -73.94053)",EAST 115 STREET                 ,3 AVENUE,0,0,0,0,0,0,0,0,Driver Inattention/Distraction,Driver Inattention/Distraction,Unspecified,Unspecified,Unspecified,3523641,SPORT UTILITY / STATION WAGON,PICK-UP TRUCK,PASSENGER VEHICLE,SPORT UTILITY / STATION WAGON,PASSENGER VEHICLE
574740,09/06/2016,7:57,MANHATTAN,10128,40.78336,-73.95489,"(40.78336, -73.95489)",PARK AVENUE                     ,EAST 91 STREET,0,0,0,0,0,0,0,0,Unsafe Lane Changing,Unspecified,Unspecified,Unspecified,Unspecified,3514569,PASSENGER VEHICLE,PASSENGER VEHICLE,PASSENGER VEHICLE,PASSENGER VEHICLE,PASSENGER VEHICLE
587233,08/16/2016,12:01,MANHATTAN,10013,40.718777,-73.995705,"(40.718777, -73.995705)",GRAND STREET                    ,ELIZABETH STREET,0,0,0,0,0,0,0,0,Driver Inattention/Distraction,Unspecified,Unspecified,Unspecified,Unspecified,3507250,BICYCLE,PASSENGER VEHICLE,BICYCLE,BICYCLE,BICYCLE
605289,07/20/2016,6:30,MANHATTAN,10014,40.735302,-74.00494,"(40.735302, -74.00494)",PERRY STREET                    ,BLEECKER STREET,0,0,0,0,0,0,0,0,Driver Inattention/Distraction,Unspecified,Unspecified,Unspecified,Unspecified,3486301,BICYCLE,OTHER,BICYCLE,BICYCLE,BICYCLE
615917,07/03/2016,9:35,MANHATTAN,10032,40.842957,-73.93468,"(40.842957, -73.93468)",AMSTERDAM AVENUE                ,WEST 173 STREET,0,0,0,0,0,0,0,0,Passenger Distraction,Unspecified,Unspecified,Unspecified,Unspecified,3474226,PASSENGER VEHICLE,MOTORCYCLE,PASSENGER VEHICLE,PASSENGER VEHICLE,PASSENGER VEHICLE
618599,06/29/2016,6:00,MANHATTAN,10037,40.811565,-73.942726,"(40.811565, -73.942726)",WEST 131 STREET                 ,LENOX AVENUE,0,0,0,0,0,0,0,0,Prescription Medication,Unspecified,Unspecified,Unspecified,Unspecified,3471258,PASSENGER VEHICLE,PASSENGER VEHICLE,PASSENGER VEHICLE,PASSENGER VEHICLE,PASSENGER VEHICLE
654177,05/07/2016,21:40,MANHATTAN,10011,40.74284,-74.00028,"(40.74284, -74.00028)",WEST 19 STREET                  ,8 AVENUE,0,0,0,0,0,0,0,0,Unsafe Speed,Unspecified,Unspecified,Unspecified,Unspecified,3437097,PASSENGER VEHICLE,PASSENGER VEHICLE,PASSENGER VEHICLE,PASSENGER VEHICLE,PASSENGER VEHICLE
689074,03/11/2016,4:00,MANHATTAN,10040,40.857109,-73.9356029,"(40.857109, -73.9356029)",FORT WASHINGTON AVENUE          ,WEST 190 STREET                 ,0,0,0,0,0,0,0,0,Unspecified,Unspecified,Unspecified,Unspecified,Unspecified,3403405,PASSENGER VEHICLE,SPORT UTILITY / STATION WAGON,PASSENGER VEHICLE,PASSENGER VEHICLE,PASSENGER VEHICLE
690941,03/08/2016,1:48,MANHATTAN,10040,40.8593269,-73.9313133,"(40.8593269, -73.9313133)",BROADWAY                        ,BENNETT AVENUE                  ,0,0,0,0,0,0,0,0,Unspecified,Unspecified,Unspecified,Unspecified,Unspecified,3401532,PASSENGER VEHICLE,UNKNOWN,SPORT UTILITY / STATION WAGON,VAN,PASSENGER VEHICLE
704800,02/12/2016,21:35,MANHATTAN,10025,40.7973382,-73.9624344,"(40.7973382, -73.9624344)",WEST 104 STREET                 ,MANHATTAN AVENUE                ,0,0,0,0,0,0,0,0,Unspecified,Unspecified,Unspecified,Unspecified,Unspecified,3387815,SPORT UTILITY / STATION WAGON,PASSENGER VEHICLE,PASSENGER VEHICLE,UNKNOWN,PASSENGER VEHICLE
706810,02/08/2016,11:00,MANHATTAN,10033,40.8454401,-73.9386792,"(40.8454401, -73.9386792)",WEST 174 STREET                 ,BROADWAY                        ,0,0,0,0,0,0,0,0,Driver Inattention/Distraction,Unspecified,Unspecified,Unspecified,Unspecified,3385557,LARGE COM VEH(6 OR MORE TIRES),LARGE COM VEH(6 OR MORE TIRES),OTHER,OTHER,OTHER
730458,12/30/2015,22:20,MANHATTAN,10039,40.8254299,-73.9363056,"(40.8254299, -73.9363056)",WEST 151 STREET                 ,7 AVENUE                        ,0,0,0,0,0,0,0,0,Driver Inexperience,Backing Unsafely,Driver Inexperience,Failure to Yield Right-of-Way,Failure to Yield Right-of-Way,3362890,PASSENGER VEHICLE,SPORT UTILITY / STATION WAGON,SPORT UTILITY / STATION WAGON,SPORT UTILITY / STATION WAGON,OTHER
733579,12/23/2015,14:35,MANHATTAN,10025,40.7952524,-73.9732091,"(40.7952524, -73.9732091)",WEST 96 STREET                  ,WEST END AVENUE                 ,0,0,0,0,0,0,0,0,Driver Inattention/Distraction,Unspecified,Unspecified,Unspecified,Unspecified,3361198,BUS,PASSENGER VEHICLE,PASSENGER VEHICLE,SPORT UTILITY / STATION WAGON,SPORT UTILITY / STATION WAGON
739307,12/15/2015,19:12,MANHATTAN,10022,40.7610398,-73.9753742,"(40.7610398, -73.9753742)",WEST 54 STREET                  ,5 AVENUE                        ,0,0,0,0,0,0,0,0,Driver Inattention/Distraction,Unspecified,Unspecified,Unspecified,Unspecified,3353972,LARGE COM VEH(6 OR MORE TIRES),PASSENGER VEHICLE,PASSENGER VEHICLE,VAN,PASSENGER VEHICLE
752140,11/24/2015,23:18,MANHATTAN,10025,40.8015894,-73.9705445,"(40.8015894, -73.9705445)",RIVERSIDE DRIVE                 ,WEST 105 STREET                 ,0,0,0,0,0,0,0,0,Unspecified,Unspecified,Unspecified,Unspecified,Unspecified,3341216,SPORT UTILITY / STATION WAGON,SPORT UTILITY / STATION WAGON,PASSENGER VEHICLE,SPORT UTILITY / STATION WAGON,SPORT UTILITY / STATION WAGON
762289,11/08/2015,3:05,MANHATTAN,10034,40.8660623,-73.922499,"(40.8660623, -73.922499)",WEST 204 STREET                 ,VERMILYEA AVENUE                ,0,0,0,0,0,0,0,0,Traffic Control Disregarded,Unspecified,Unspecified,Unspecified,Unspecified,3331000,PASSENGER VEHICLE,SPORT UTILITY / STATION WAGON,SPORT UTILITY / STATION WAGON,SPORT UTILITY / STATION WAGON,UNKNOWN
764023,11/05/2015,4:15,MANHATTAN,10009,40.7281758,-73.9848573,"(40.7281758, -73.9848573)",1 AVENUE                        ,EAST 9 STREET                   ,0,0,0,0,0,0,0,0,Unspecified,Unspecified,Unspecified,Unspecified,Unspecified,3329249,TAXI,SPORT UTILITY / STATION WAGON,SPORT UTILITY / STATION WAGON,PASSENGER VEHICLE,SPORT UTILITY / STATION WAGON
775851,10/17/2015,3:37,MANHATTAN,10035,40.8011399,-73.937687,"(40.8011399, -73.937687)",EAST 121 STREET                 ,3 AVENUE                        ,0,0,0,0,0,0,0,0,Unspecified,Unspecified,Unspecified,Unspecified,Unspecified,3316807,PASSENGER VEHICLE,PASSENGER VEHICLE,SPORT UTILITY / STATION WAGON,PASSENGER VEHICLE,PASSENGER VEHICLE
777965,10/13/2015,10:23,MANHATTAN,10030,40.8178547,-73.947668,"(40.8178547, -73.947668)",ST NICHOLAS AVENUE              ,WEST 136 STREET                 ,0,0,0,0,0,0,0,0,Driver Inattention/Distraction,Driver Inattention/Distraction,Unspecified,Unspecified,Unspecified,3314007,OTHER,VAN,PASSENGER VEHICLE,SPORT UTILITY / STATION WAGON,PASSENGER VEHICLE
782727,10/06/2015,16:35,MANHATTAN,10018,40.7607762,-74.0021839,"(40.7607762, -74.0021839)",JOE DIMAGGIO HIGHWAY            ,WEST 40 STREET                  ,0,0,0,0,0,0,0,0,Driver Inattention/Distraction,Unspecified,Unspecified,Unspecified,Unspecified,3309704,VAN,PASSENGER VEHICLE,PASSENGER VEHICLE,PASSENGER VEHICLE,SPORT UTILITY / STATION WAGON
782980,10/06/2015,6:46,MANHATTAN,10025,40.7972493,-73.9680399,"(40.7972493, -73.9680399)",AMSTERDAM AVENUE                ,WEST 101 STREET                 ,0,0,0,0,0,0,0,0,Brakes Defective,Other Vehicular,Other Vehicular,Other Vehicular,Other Vehicular,3310435,LARGE COM VEH(6 OR MORE TIRES),PASSENGER VEHICLE,SPORT UTILITY / STATION WAGON,PASSENGER VEHICLE,SPORT UTILITY / STATION WAGON
784781,10/03/2015,9:50,MANHATTAN,10033,40.850189,-73.9396363,"(40.850189, -73.9396363)",PINEHURST AVENUE                ,WEST 180 STREET                 ,0,0,0,0,0,0,0,0,Unspecified,Unspecified,Unspecified,Unspecified,Unspecified,3308009,OTHER,PASSENGER VEHICLE,PASSENGER VEHICLE,SPORT UTILITY / STATION WAGON,PASSENGER VEHICLE
789218,09/25/2015,13:45,MANHATTAN,10035,40.797932,-73.9339915,"(40.797932, -73.9339915)",EAST 119 STREET                 ,1 AVENUE                        ,0,0,0,0,0,0,0,0,Outside Car Distraction,Unspecified,Unspecified,Unspecified,Unspecified,3303149,SPORT UTILITY / STATION WAGON,SPORT UTILITY / STATION WAGON,PASSENGER VEHICLE,MOTORCYCLE,PASSENGER VEHICLE
794173,09/17/2015,14:30,MANHATTAN,10024,40.788358,-73.9745227,"(40.788358, -73.9745227)",WEST 87 STREET                  ,AMSTERDAM AVENUE                ,0,0,0,0,0,0,0,0,Unspecified,Unspecified,Unspecified,Unspecified,Unspecified,3298828,PASSENGER VEHICLE,SPORT UTILITY / STATION WAGON,SPORT UTILITY / STATION WAGON,SPORT UTILITY / STATION WAGON,PASSENGER VEHICLE
794565,09/17/2015,5:30,MANHATTAN,10033,40.8448454,-73.9351811,"(40.8448454, -73.9351811)",WEST 175 STREET                 ,AUDUBON AVENUE                  ,0,0,0,0,0,0,0,0,Unspecified,Unspecified,Unspecified,Unspecified,Unspecified,3298098,PASSENGER VEHICLE,SPORT UTILITY / STATION WAGON,SPORT UTILITY / STATION WAGON,SPORT UTILITY / STATION WAGON,SPORT UTILITY / STATION WAGON
798283,09/11/2015,23:15,MANHATTAN,10002,40.7107554,-74.0091619,"(40.7107554, -74.0091619)",EAST BROADWAY                   ,CLINTON STREET                  ,0,0,0,0,0,0,0,0,Unspecified,Unspecified,Unspecified,Unspecified,Unspecified,3294961,OTHER,MOTORCYCLE,PASSENGER VEHICLE,SPORT UTILITY / STATION WAGON,SPORT UTILITY / STATION WAGON
803936,09/02/2015,1:20,MANHATTAN,10030,40.8178464,-73.9418441,"(40.8178464, -73.9418441)",WEST 139 STREET                 ,7 AVENUE                        ,0,0,0,0,0,0,0,0,Traffic Control Disregarded,Unspecified,Unspecified,Unspecified,Unspecified,3289370,SPORT UTILITY / STATION WAGON,PASSENGER VEHICLE,PASSENGER VEHICLE,PASSENGER VEHICLE,SPORT UTILITY / STATION WAGON
809409,08/24/2015,5:15,MANHATTAN,10029,40.7992856,-73.9453602,"(40.7992856, -73.9453602)",EAST 115 STREET                 ,MADISON AVENUE                  ,0,0,0,0,0,0,0,0,Outside Car Distraction,Unspecified,Unspecified,Unspecified,Unspecified,3283259,OTHER,VAN,VAN,SPORT UTILITY / STATION WAGON,VAN
818631,08/09/2015,6:20,MANHATTAN,10009,40.7215948,-73.9747647,"(40.7215948, -73.9747647)",EAST 6 STREET                   ,ROOSEVELT DRIVE                 ,0,0,0,0,0,0,0,0,Alcohol Involvement,Alcohol Involvement,Unspecified,Unspecified,Unspecified,3273944,PASSENGER VEHICLE,PASSENGER VEHICLE,PASSENGER VEHICLE,PASSENGER VEHICLE,SPORT UTILITY / STATION WAGON
840651,07/04/2015,3:20,MANHATTAN,10026,40.8033301,-73.9487269,"(40.8033301, -73.9487269)",WEST 118 STREET                 ,LENOX AVENUE                    ,0,0,0,0,0,0,0,0,Unspecified,Unspecified,Unspecified,Unspecified,Unspecified,3254195,SPORT UTILITY / STATION WAGON,PASSENGER VEHICLE,PASSENGER VEHICLE,PASSENGER VEHICLE,PASSENGER VEHICLE
850426,06/19/2015,7:00,MANHATTAN,10032,40.8364695,-73.9370251,"(40.8364695, -73.9370251)",EDGECOMBE AVENUE                ,WEST 164 STREET                 ,0,0,0,0,0,0,0,0,Failure to Keep Right,Unspecified,Unspecified,Unspecified,Unspecified,3243422,PASSENGER VEHICLE,PASSENGER VEHICLE,PASSENGER VEHICLE,PASSENGER VEHICLE,PASSENGER VEHICLE
864345,05/27/2015,16:50,MANHATTAN,10032,40.834114,-73.941118,"(40.834114, -73.941118)",WEST 159 STREET                 ,AMSTERDAM AVENUE                ,0,0,0,0,0,0,0,0,Unspecified,Unspecified,Unspecified,Unspecified,Unspecified,3228879,SPORT UTILITY / STATION WAGON,PASSENGER VEHICLE,SPORT UTILITY / STATION WAGON,SPORT UTILITY / STATION WAGON,SPORT UTILITY / STATION WAGON
882501,04/28/2015,8:00,MANHATTAN,10018,40.752316,-73.9859454,"(40.752316, -73.9859454)",WEST 38 STREET                  ,6 AVENUE                        ,0,0,0,0,0,0,0,0,Unspecified,Unspecified,Unspecified,Unspecified,Unspecified,3210382,VAN,VAN,SPORT UTILITY / STATION WAGON,SPORT UTILITY / STATION WAGON,SPORT UTILITY / STATION WAGON
883024,04/27/2015,3:30,MANHATTAN,10032,40.840482,-73.9364647,"(40.840482, -73.9364647)",WEST 169 STREET                 ,AMSTERDAM AVENUE                ,0,0,0,0,0,0,0,0,Unspecified,Unspecified,Unspecified,Unspecified,Unspecified,3209885,PASSENGER VEHICLE,VAN,SPORT UTILITY / STATION WAGON,SPORT UTILITY / STATION WAGON,SPORT UTILITY / STATION WAGON
883599,04/26/2015,9:30,MANHATTAN,10030,40.8146335,-73.9441916,"(40.8146335, -73.9441916)",WEST 134 STREET                 ,7 AVENUE                        ,0,0,0,0,0,0,0,0,Unspecified,Unspecified,Unspecified,Unspecified,Unspecified,3209882,UNKNOWN,PASSENGER VEHICLE,PASSENGER VEHICLE,PASSENGER VEHICLE,PASSENGER VEHICLE
885169,04/23/2015,17:15,MANHATTAN,10007,40.7149081,-74.0113484,"(40.7149081, -74.0113484)",GREENWICH STREET                ,MURRAY STREET                   ,0,0,0,0,0,0,0,0,Driver Inattention/Distraction,Other Vehicular,Other Vehicular,Other Vehicular,Other Vehicular,3207458,PASSENGER VEHICLE,PASSENGER VEHICLE,UNKNOWN,SPORT UTILITY / STATION WAGON,PASSENGER VEHICLE
888352,04/18/2015,6:19,MANHATTAN,10026,40.8013326,-73.9501877,"(40.8013326, -73.9501877)",WEST 115 STREET                 ,LENOX AVENUE                    ,0,0,0,0,0,0,0,0,Unspecified,Unspecified,Unspecified,Unspecified,Unspecified,3207594,UNKNOWN,PASSENGER VEHICLE,SPORT UTILITY / STATION WAGON,VAN,VAN
892137,04/11/2015,19:30,MANHATTAN,10035,40.8057427,-73.9427541,"(40.8057427, -73.9427541)",EAST 124 STREET                 ,5 AVENUE                        ,0,0,0,0,0,0,0,0,Driver Inattention/Distraction,Driver Inattention/Distraction,Unspecified,Unspecified,Unspecified,3201714,VAN,PASSENGER VEHICLE,PASSENGER VEHICLE,PASSENGER VEHICLE,PASSENGER VEHICLE
892138,04/11/2015,19:30,MANHATTAN,10035,40.8057427,-73.9427541,"(40.8057427, -73.9427541)",EAST 124 STREET                 ,5 AVENUE                        ,0,0,0,0,0,0,0,0,Driver Inattention/Distraction,Driver Inexperience,Driver Inattention/Distraction,Unspecified,Unspecified,3201708,VAN,PASSENGER VEHICLE,PASSENGER VEHICLE,PASSENGER VEHICLE,PASSENGER VEHICLE
892271,04/11/2015,2:00,MANHATTAN,10016,40.7450578,-73.9786065,"(40.7450578, -73.9786065)",EAST 33 STREET                  ,3 AVENUE                        ,0,0,0,0,0,0,0,0,Pavement Defective,Unspecified,Unspecified,Unspecified,Unspecified,3201100,PASSENGER VEHICLE,PASSENGER VEHICLE,PASSENGER VEHICLE,PASSENGER VEHICLE,PASSENGER VEHICLE
900314,03/26/2015,15:20,MANHATTAN,10018,40.7607762,-74.0021839,"(40.7607762, -74.0021839)",JOE DIMAGGIO HIGHWAY            ,WEST 40 STREET                  ,0,0,0,0,0,0,0,0,Failure to Keep Right,Unspecified,Unspecified,Unspecified,Unspecified,3192392,SPORT UTILITY / STATION WAGON,BUS,PICK-UP TRUCK,PICK-UP TRUCK,PASSENGER VEHICLE
904890,03/18/2015,2:40,MANHATTAN,10033,40.8511089,-73.9306024,"(40.8511089, -73.9306024)",AUDUBON AVENUE                  ,WEST 185 STREET                 ,0,0,0,0,0,0,0,0,Alcohol Involvement,Driver Inattention/Distraction,Unspecified,Unspecified,Unspecified,3188057,PASSENGER VEHICLE,PASSENGER VEHICLE,PASSENGER VEHICLE,PASSENGER VEHICLE,PASSENGER VEHICLE
905068,03/17/2015,11:35,MANHATTAN,10009,40.7230103,-73.9857532,"(40.7230103, -73.9857532)",AVENUE A                        ,EAST 2 STREET                   ,0,0,0,0,0,0,0,0,Physical Disability,Other Vehicular,Other Vehicular,Unspecified,Unspecified,3187946,PASSENGER VEHICLE,TAXI,TAXI,TAXI,TAXI
910488,03/08/2015,8:02,MANHATTAN,10031,40.8308453,-73.9472242,"(40.8308453, -73.9472242)",BROADWAY                        ,WEST 152 STREET                 ,0,0,0,0,0,0,0,0,Alcohol Involvement,Alcohol Involvement,Alcohol Involvement,Alcohol Involvement,Alcohol Involvement,3183578,PASSENGER VEHICLE,PASSENGER VEHICLE,PASSENGER VEHICLE,PASSENGER VEHICLE,PASSENGER VEHICLE
911558,03/06/2015,18:25,MANHATTAN,10003,40.7334357,-73.9954897,"(40.7334357, -73.9954897)",WEST 10 STREET                  ,5 AVENUE                        ,0,0,0,0,0,0,0,0,Pavement Slippery,Other Vehicular,Pavement Slippery,Unspecified,Unspecified,3180894,PASSENGER VEHICLE,TAXI,PASSENGER VEHICLE,TAXI,SPORT UTILITY / STATION WAGON
914573,03/02/2015,4:20,MANHATTAN,10036,40.760927,-73.9945276,"(40.760927, -73.9945276)",WEST 44 STREET                  ,10 AVENUE                       ,0,0,0,0,0,0,0,0,Driver Inattention/Distraction,Oversized Vehicle,Unspecified,Unspecified,Unspecified,3178875,PASSENGER VEHICLE,SMALL COM VEH(4 TIRES) ,TAXI,TAXI,TAXI
931050,02/01/2015,5:49,MANHATTAN,10006,40.7076833,-74.0156791,"(40.7076833, -74.0156791)",WEST STREET                     ,WEST THAMES STREET              ,0,0,0,0,0,0,0,0,Unspecified,Unspecified,Unspecified,Unspecified,Unspecified,3161804,UNKNOWN,TAXI,PASSENGER VEHICLE,SPORT UTILITY / STATION WAGON,PASSENGER VEHICLE
944364,01/06/2015,10:48,MANHATTAN,10002,40.719458,-73.98193,"(40.719458, -73.98193)",PITT STREET                     ,STANTON STREET                  ,0,0,0,0,0,0,0,0,Fatigued/Drowsy,Fatigued/Drowsy,Unspecified,Unspecified,Unspecified,3147909,TAXI,PASSENGER VEHICLE,TAXI,PASSENGER VEHICLE,PASSENGER VEHICLE
946377,01/03/2015,9:00,MANHATTAN,10001,40.7491296,-73.9882379,"(40.7491296, -73.9882379)",WEST 33 STREET                  ,6 AVENUE                        ,0,0,0,0,0,0,0,0,Passenger Distraction,Unspecified,Unspecified,Unspecified,Unspecified,3146995,PASSENGER VEHICLE,PASSENGER VEHICLE,UNKNOWN,PASSENGER VEHICLE,SPORT UTILITY / STATION WAGON
948141,12/30/2014,9:00,MANHATTAN,10128,40.7804368,-73.949882,"(40.7804368, -73.949882)",EAST 90 STREET                  ,2 AVENUE                        ,0,0,0,0,0,0,0,0,Other Vehicular,Other Vehicular,Other Vehicular,Other Vehicular,Other Vehicular,3144849,SPORT UTILITY / STATION WAGON,SPORT UTILITY / STATION WAGON,PASSENGER VEHICLE,MOTORCYCLE,SPORT UTILITY / STATION WAGON
961980,12/05/2014,8:15,MANHATTAN,10023,40.7791238,-73.9849757,"(40.7791238, -73.9849757)",WEST 71 STREET                  ,WEST END AVENUE                 ,0,0,0,0,0,0,0,0,Unspecified,Unspecified,Unspecified,Unspecified,Unspecified,3131557,PASSENGER VEHICLE,PASSENGER VEHICLE,MOTORCYCLE,PASSENGER VEHICLE,UNKNOWN
968973,11/22/2014,3:00,MANHATTAN,10032,40.8429166,-73.9365889,"(40.8429166, -73.9365889)",WEST 172 STREET                 ,AUDUBON AVENUE                  ,0,0,0,0,0,0,0,0,Unspecified,Unspecified,Unspecified,Unspecified,Unspecified,2827978,PASSENGER VEHICLE,TAXI,PASSENGER VEHICLE,PASSENGER VEHICLE,PASSENGER VEHICLE
972660,11/16/2014,1:45,MANHATTAN,10031,40.828297,-73.9508577,"(40.828297, -73.9508577)",WEST 147 STREET                 ,RIVERSIDE DRIVE                 ,0,0,0,0,0,0,0,0,Alcohol Involvement,Unspecified,Unspecified,Unspecified,Unspecified,2824501,PASSENGER VEHICLE,PASSENGER VEHICLE,PASSENGER VEHICLE,PASSENGER VEHICLE,PASSENGER VEHICLE
979368,11/04/2014,16:35,MANHATTAN,10011,40.7476892,-74.0041684,"(40.7476892, -74.0041684)",WEST 23 STREET                  ,10 AVENUE                       ,0,0,0,0,0,0,0,0,Aggressive Driving/Road Rage,Unspecified,Unspecified,Unspecified,Unspecified,2818272,PASSENGER VEHICLE,SPORT UTILITY / STATION WAGON,PASSENGER VEHICLE,PASSENGER VEHICLE,SPORT UTILITY / STATION WAGON
983913,10/27/2014,10:00,MANHATTAN,10011,40.7459518,-73.9980079,"(40.7459518, -73.9980079)",8 AVENUE                        ,WEST 24 STREET                  ,0,0,0,0,0,0,0,0,Unspecified,Unspecified,Unspecified,Unspecified,Unspecified,2814922,SPORT UTILITY / STATION WAGON,SPORT UTILITY / STATION WAGON,SPORT UTILITY / STATION WAGON,SPORT UTILITY / STATION WAGON,SPORT UTILITY / STATION WAGON
987910,10/21/2014,18:00,MANHATTAN,10026,40.798243,-73.9524618,"(40.798243, -73.9524618)",WEST 110 STREET                 ,LENOX AVENUE                    ,0,0,0,0,0,0,0,0,Driver Inattention/Distraction,Unspecified,Unspecified,Unspecified,Unspecified,2811177,PASSENGER VEHICLE,PASSENGER VEHICLE,SPORT UTILITY / STATION WAGON,PASSENGER VEHICLE,PASSENGER VEHICLE
1003523,09/23/2014,0:25,MANHATTAN,10035,40.8011849,-73.9397457,"(40.8011849, -73.9397457)",EAST 120 STREET                 ,LEXINGTON AVENUE                ,0,0,0,0,0,0,0,0,Alcohol Involvement,Unspecified,Unspecified,Unspecified,Unspecified,1029296,SPORT UTILITY / STATION WAGON,PASSENGER VEHICLE,SPORT UTILITY / STATION WAGON,SPORT UTILITY / STATION WAGON,PASSENGER VEHICLE
1010046,09/13/2014,23:50,MANHATTAN,10018,40.7522807,-73.9896919,"(40.7522807, -73.9896919)",WEST 36 STREET                  ,7 AVENUE                        ,0,0,0,0,0,0,0,0,Following Too Closely,Backing Unsafely,Unspecified,Unspecified,Unspecified,1023685,PASSENGER VEHICLE,SPORT UTILITY / STATION WAGON,SPORT UTILITY / STATION WAGON,PASSENGER VEHICLE,PASSENGER VEHICLE
1014896,09/05/2014,6:19,MANHATTAN,10040,40.8606474,-73.927328,"(40.8606474, -73.927328)",SICKLES STREET                  ,NAGLE AVENUE                    ,0,0,0,0,0,0,0,0,Alcohol Involvement,Unspecified,Unspecified,Unspecified,Unspecified,1018986,LARGE COM VEH(6 OR MORE TIRES),SPORT UTILITY / STATION WAGON,PASSENGER VEHICLE,SPORT UTILITY / STATION WAGON,SPORT UTILITY / STATION WAGON
1024444,08/18/2014,0:35,MANHATTAN,10031,40.8259047,-73.9471161,"(40.8259047, -73.9471161)",WEST 146 STREET                 ,AMSTERDAM AVENUE                ,0,0,0,0,0,0,0,0,Alcohol Involvement,Unspecified,Unspecified,Unspecified,Unspecified,1010089,SPORT UTILITY / STATION WAGON,SPORT UTILITY / STATION WAGON,SPORT UTILITY / STATION WAGON,SPORT UTILITY / STATION WAGON,PASSENGER VEHICLE
1033864,08/01/2014,11:20,MANHATTAN,10024,40.7806512,-73.9764177,"(40.7806512, -73.9764177)",WEST 77 STREET                  ,COLUMBUS AVENUE                 ,0,0,0,0,0,0,0,0,Driver Inattention/Distraction,Unspecified,Unspecified,Unspecified,Unspecified,1001829,PICK-UP TRUCK,SMALL COM VEH(4 TIRES) ,PASSENGER VEHICLE,PASSENGER VEHICLE,PASSENGER VEHICLE
1039453,07/23/2014,20:58,MANHATTAN,10128,40.782942,-73.9480385,"(40.782942, -73.9480385)",2 AVENUE                        ,EAST 94 STREET                  ,0,0,0,0,0,0,0,0,Driver Inexperience,Driver Inattention/Distraction,Other Vehicular,Unspecified,Unspecified,997807,OTHER,PASSENGER VEHICLE,PASSENGER VEHICLE,SPORT UTILITY / STATION WAGON,SPORT UTILITY / STATION WAGON
1040623,07/21/2014,21:30,MANHATTAN,10026,40.7981287,-73.948312,"(40.7981287, -73.948312)",EAST 112 STREET                 ,5 AVENUE                        ,0,0,0,0,0,0,0,0,Unspecified,Unspecified,Unspecified,Unspecified,Unspecified,996684,PASSENGER VEHICLE,SPORT UTILITY / STATION WAGON,SPORT UTILITY / STATION WAGON,PASSENGER VEHICLE,PASSENGER VEHICLE
1043357,07/16/2014,23:45,MANHATTAN,10019,40.7683816,-73.992805,"(40.7683816, -73.992805)",WEST 54 STREET                  ,11 AVENUE                       ,0,0,0,0,0,0,0,0,Steering Failure,Unspecified,Unspecified,Unspecified,Unspecified,994325,PASSENGER VEHICLE,PASSENGER VEHICLE,MOTORCYCLE,MOTORCYCLE,PASSENGER VEHICLE
1047379,07/08/2014,0:01,MANHATTAN,10040,40.858112,-73.9329846,"(40.858112, -73.9329846)",BENNETT AVENUE                  ,WEST 192 STREET                 ,0,0,0,0,0,0,0,0,Driver Inattention/Distraction,Other Vehicular,Other Vehicular,Other Vehicular,Unspecified,513522,PASSENGER VEHICLE,PASSENGER VEHICLE,SPORT UTILITY / STATION WAGON,SPORT UTILITY / STATION WAGON,SPORT UTILITY / STATION WAGON
